{
    "BATCH_SIZE": 128,
    "NOISE_DIM": 75,
    "BUFFER_SIZE": 5389,
    "EPOCHS": 1000,
    "random_samples": 5211,
    "accuracy": 5,
    "step_daily": 0.00273785078,
    "step_weekly": 0.14285714285
}
